codigo_atividade,atividade
30701000000,"GARAGEM E ESTACIONAMENTO PARA VEICULOS, EXCETO OSDE CARGA OU COLETIVOS"
20103010000,PECAS E ACESSORIOS PARA VEICULOS
30104010000,"PROFISSIONAL LIBERAL,TECNICO E UNIVERSITARIO"
30701020000,"GARAGEM E ESTACIONAMENTO PARA VEICULOS, EXCETO OSDE CARGA OU COLETIVOS, SEM ABASTECIMENTO."
20103100000,VEICULOS
30801020100,CONSULTORIO MEDICO
30201030000,OFICINA DE REPARACAO DE MAQUINAS E APARELHOS ELETRICOS OU NAO
30104020000,PROFISSIONAL AUTONOMO
20102050000,CALCADOS/ARTEFATOS DE COURO
30201020100,INSTALACOES ELETRICAS
20103080100,LOJA DE PECAS E ACESSORIOS P/APARELHOS ELETRICOSOU NAO
40102100000,"FABRICACAO DE ARTIGOS DIVERSOS,NAO COMPREENDIDOSEM OUTROS GRUPOS"
20201130000,MATERIAL DE CONSTRUCAO
31101050000,ESCRITORIO DE ADMINISTRACAO(SERVICO DE ASSESSORIA ADMINISTRATIVA)
40404020000,"FABRICACAO DE MAQUINAS,APARELHOS E EQUIPAMENTOSDIVERSOS,INCLUSIVE PECAS E ACESSORIOS"
30408000000,HOTEIS
20103270000,LOJA DE DEPARTAMENTOS
30601010300,CLUBE E LOCAL PRIVADO DE USO RECREATIVO OU ESPOR-TIVO DE CARATER URBANO
20102020000,RESTAURANTE
30602030800,LIGA E ASSOCIACAO ASSISTENCIAL E BENEFICENTE
20102030000,PAPELARIA
20102060100,LOJA DE TECIDOS
30601010200,CLUBE E LOCAL PRIVADO DE USO RECREATIVO OU ESPORTIVO DE CARATER LOCAL
30802010000,ESCRITORIO DE SERVICOS JURIDICOS
20102010000,BAR/CAFE/LANCHERIA
30202040200,OFICINA MECANICA PARA AUTOMOVEIS
30801020200,CONSULTORIO ODONTOLOGICO
31101070000,ESCRITORIO
30202030100,BORRACHARIA/VULCANIZADORA
30603040100,SEDE DE ENTIDADE DE CLASSE
20101010100,ACOUGUE
20102060700,LOJA DE CONFECCOES
20101010000,CARNES E DERIVADOS
40305010000,"BRITAMENTO E APARELHAMENTO DE PEDRAS PARA CONSTRU-CAO E EXECUCAO DE TRABALHOS EM MARMORE,ARDOSIA,GRANITO E OUTRAS PEDRAS"
40405020100,FABRICACAO DE ARTEFATOS TREFILADOS DE FERRO E ACO
40303010200,FABRICACAO DE PRODUTOS FARMACEUTICOS E HOSPITALARES
20102110200,SORVETERIA
20101040000,ARMAZEM
30202010000,OFICINA DE LAVAGEM E LUBRIFICACAO
30203020000,OFICINA-TORNEARIA
40405010000,"FABRICACAO DE ARTIGOS DE CUTELARIA,ARMAS,FERRAMEN-TAS MANUAIS E ARTIGOS DE METAL PARA ESCRITORIO IN-CLUSIVE FERRAMENTAS PARA MAQUINAS"
30201020200,INSTALACOES HIDRAULICAS
31301040000,SEDE DE EMPRESA DE ESTAQUEAMENTO
30804000000,PROCESSAMENTO DE DADOS
20103150000,PRODUTOS AGRICOLAS E VETERINARIOS
30408010000,POUSADA
30305040000,LABORATORIO DE PROTESE
31104000000,REPRESENTACAO COMERCIAL (INTERMEDIARIOS DE VENDAS DE MERCADORIAS A BASE DE COMISSAO)
20102120000,SUPERMERCADO
20102010200,LANCHERIA
20103130000,PRESENTES/ARTESANATOS/SOUVENIRS
20102080000,MATERIAL ELETRICO
20103020000,LIVRARIA
20103080000,"MAQUINAS,APARELHOS,EQUIPAMENTOS DIVERSOS"
20102020500,BAR-CHOPP
31103000000,LOCACAO DE MAO-DE-OBRA
30805010000,ESCRITORIO DE ENGENHARIA
40405010100,FABRICACAO DE OUTROS ARTEFATOS DE METAL
30103010000,ALFAIATARIAS
20102010100,BAR/CAFE
20101020000,FRUTEIRA
20103110000,FLORICULTURAS (CULTIVO  E COMERCIO DE ACESSORIOSPARA JARDIM)
30709010000,"GARAGENS EM GERAL COM ABASTECIMENTO ( TAXI,  LOTA-CAO, ONIBUS, OUTROS VEICULOS."
30803010000,ESCRITORIO DE SERVICOS DE ASSESSORIA
31101070300,ESCRITORIO DE IMPORTACAO E EXPORTACAO
30602020305,ESCOLA PROFISSIONALIZANTE
30602010100,ESTABELECIMENTO DE ENSINO FORMAL DE PRIMEIRO GRAU
20102130100,"LOJA DE VARIEDADES (VESTUARIO, CALCADOS, BRINQUEDO, ARMARINHOS, BIJOUTERIAS EM PEQUENO ESTOQUE"
30602010200,ESTABELECIMENTO DE ENSINO FORMAL DE SEGUNDO GRAU
30202040000,"OFICINA DE REPARACAO E MANUTENCAO DE VEICULOS AUTOMOTORES,EXCLUSIVE CAMINHOES,TRATORES E MAQUINAS DE TERRAPLANAGEM SEM CHAPEACAO E PINTURA"
20102070400,COMERCIO DE PRODUTOS REFRATARIOS/TERMICOS
31301080000,SEDE DE EMPRESA DE ESTRUTURAS DE CONCRETO
30201010100,SAPATARIA
20102130000,ARMARINHOS/BIJUTERIAS
20103190000,ARTIGOS DESPORTIVOS
31101070100,ESCRITORIO DE VENDAS (PRODUTOS PROPRIOS SEM INTERMDIACAO DE TERCEIROS)
40405030100,FUNILARIA
30802060100,ESCRITORIO DE CONTABILIDADE
20102040100,FARMACIA/DROGARIA
20103280000,"MAQUINAS,APARELHOS E EQUIPAMENTOS DIVERSOS DE GRANDE PORTE"
30802060000,ESCRITORIO DE CONTABILIDADE E AUDITORIA
40301020000,"FABRICACAO DE TINTAS,ESMALTES,LACAS,VERNIZES,IMPERMEABILIZANTES,SOLVENTES E SECANTES"
30409000000,MOTEL
40202060000,"FABRICACAO DE MANILHAS,CANOS,TUBOS E CONEXOES DEMATERIAL PLASTICO PARA TODOS OS FINS"
30303010000,SALAO DE BELEZA
31301020000,SEDE DE EMPRESA DE TERRAPLENAGEM E ESCAVACOES
31301030000,SEDE DE EMPRESA DE PAVIMENTACAO
30201050000,OFICINA DE DOURACAO E ENCADERNACAO
20102140000,POSTO DE ABASTECIMENTO
20102060000,ARTIGOS DO VESTUARIO
31101040000,ESCRITORIO DE CORRETAGEM DE VEICULOS
20102100000,ARTIGOS LOTERICOS
30802070000,ESCRITORIO DE SERVICOS DE DESPACHANTE E PROCURADOR
20102070000,FERRAGEM
20102090000,TABACARIA/REVISTAS
40402060000,"FABRICACAO DE MOVEIS E ARTIGOS DO MOBILIARIO,NAOESPECIFICADOS OU NAO CLASSIFICADOS"
30201040600,OFICINA DE REPARACAO DE ARTIGOS DIVERSOS NAO ESPE-CIFICADOS
20103080300,LOJA DE MAQUINAS E IMPLEMENTOS AGRICOLAS
31101030000,ESCRITORIO DE CORRETAGEM DE IMOVEIS
20103040100,LOJA DE MOVEIS
30708020000,"TRANSPORTADORA DE CARGAS INTERMUNICIPAIS, INTERESTADUAIS OU INTERNACIONAIS"
20202020000,DEPOSITO OU POSTO DE REVENDA DE GAS.
30203010000,OFICINA-SERRALHERIA
20103030000,ARTIGOS SANITARIOS/MATERIAL DE CONSTRUCAO
30701010000,"GARAGEM E ESTACIONAMENTO PARA VEICULOS, EXCETO OS DE CARGA OU COLETIVOS, COM ABASTECIMENTO."
30202040500,OFICINA DE CHAPEACAO E PINTURA
40103030000,"CONFECCAO DE ARTEFATOS DIVERSOS DE TECIDOS,EXCLUSIVE OS PRODUZIDOS NAS FIACOES E TECELAGENS"
20102030100,LOJA DE MATERIAL DE DESENHO
20102040200,PERFUMARIA
31101020000,ESCRITORIO DE CORRETAGEM DE SEGUROS
20101050000,HORTOMERCADO
20103010001,COMERCIO A VAREJO DE PECAS E ACESSORIOS NOVOS PARA VEICULOS AUTOMOTORES
30201040400,OFICINA DE REPARACAO DE APARELHOS DE PRECISAO
40101010000,"FABRICACAO DE PRODUTOS DE PADARIA,CONFEITARIA E PASTELARIA"
30702000000,AGENCIA DE VIAGENS E TURISMO
20201010001,ALIMENTOS PERECIVEIS (VEDADO COMERCIALIZAR PRODUTOHORTIFRUTIGRANJEIROS)
20101030100,FIAMBRERIA
20102110000,CONFEITARIA/BOMBONIERE
20103050000,OTICAS
30801030000,CLINICAS E POLICLINICAS
40402000000,INDUSTRIA DO MOBILIARIO
30704030000,EMPRESA DE ONIBUS
30201030100,OFICINA DE REPARACAO E MANUTENCAO DE ELETRODOMESTICOS
31101060000,ESCRITORIO ADMINISTRATIVO (SEDE ADMINISTRATIVA DE EMPRESA)
30303020000,BARBEARIA
30602020202,INSTITUICAO DE EDUCACAO INFANTIL (CRECHE)
31301010000,SEDE DE EMPRESA DE CONSTRUCAO CIVIL
20103170000,ARTIGOS RELIGIOSOS
30306000000,ESTUDIO FOTOGRAFICO
30801030104,CLINICA MEDICA COM PROCEDIMENTO INVASIVO
30801030114,SERVICO MEDICO DE APLICACAO DE QUIMIOTERAPIA
40204040000,"EDICAO E IMPRESSAO E SERVICOS GRAFICOS DE JORNAISE OUTROS PERIODICOS,LIVROS E MANUAIS"
30601010202,ACADEMIA DE ENSINO E/OU PRATICA DE GINASTICA
40101050000,"BENEFICIAMENTO,MOAGEM E TORREFACAO DE PRODUTOS ALIMENTARES"
30201030400,OFICINA DE REPARACAO DE APARELHOS ELETRONICOS
30201040100,OFICINA DE REPARACAO DE JOIAS E RELOGIOS
20201120100,DEPOSITO DE PRODUTOS QUIMICOS
30801030301,CLINICA E POLICLINICA DE REPOUSO E GERIATRIA SEM CALDEIRA
30801030101,CLINICA DE FISIOTERAPIA
20101030000,PADARIA
20101010401,"COMERCIO DE PRODUTOS CONGELADOS COM PRODUCAO, COZIMENTO E RESFRIAMENTO)"
40404030000,"FABRICACAO DE MAQUINAS,APARELHOS E EQUIPAMENTOSINDUSTRIAIS,PARA INSTALACOES HIDRAULICAS,TERMICASDE VENTILACAO E REFRIGERACAO,INCLUSIVE PECAS EACESSORIOS"
20103060000,JOALHERIA
30502000000,CASAS NOTURNAS
30401000000,TINTURARIA E LAVANDERIA
20103200100,LOJA DE ESPUMA
30603040000,ENTIDADE DE CLASSE E SINDICAL
30805020000,ESCRITORIO DE ARQUITETURA
20102160000,BAZAR
30202040400,OFICINA ELETRICA PARA AUTOMOVEIS
40405000000,INDUSTRIA METALURGICA
30201010000,REPARACAO DE CALCADOS E DEMAIS ARTIGOS DE COURO
40307020000,FABRICACAO DE ARTEFATOS DE COURO E PELE
30803030000,ESCRITORIO DE PROMOCOES
20201010000,ALIMENTOS
20103090000,ELETRODOMESTICOS
30202040100,OFICINA DE REPARACAO DE BICICLETAS
30102020000,SALOES DE BELEZA
30201060000,OFICINA DE PINTURA DE PLACAS E LETREIROS
30703010000,AGENCIA DE LOCACAO DE VEICULOS
20103040400,LOJA DE MOVEIS USADOS
40404030100,FABRICACAO DE CALDEIRAS E OBRAS DE CALDERARIA PESADA
20102110100,CASA DE CHA
30301000000,CONFECCAO SOB MEDIDA DE ARTIGOS DO VESTUARIO
30401010000,POSTO DE RECEBIMENTO E ENTREGA PARA LAVANDERIA
30806010000,ESCRITORIO DE PUBLICIDADE E PROPAGANDA
50600000000,CEMITERIO
30708010000,TRANSPORTADORA DE CARGAS URBANAS OU METROPOLITANAS
40405020000,INDUSTRIA METALURGICA-SERRALHERIA
30803040000,ESCRITORIO DE PESQUISA E ANALISE
40404020200,"FABRICACAO DE ARMAS, MUNICOES E EQUIPAMENTOS MILITARES"
30203050000,OFICINA DE GALVANIZACAO
20103250000,BRINQUEDOS
20103040500,LOJA DE OBJETOS USADOS
40201030100,FABRICACAO DE COMP0NENTES ELETRONICOS
30602020100,"CRECHES,ESCOLAS MATERNAIS, CENTROS DE CUIDADOS"
30304010000,SAUNA
40305020000,FABRICACAO DE MATERIAL CERAMICO
40202070000,"FABRICACAO DE ARTIGOS DE MATERIAL PLASTICO,NAO ES-PECIFICADOS OU NAO CLASSIFICADOS,INCLUSIVE ARTEFA-TOS DE ACRILICO E DE FIBER-GLASS"
40401040000,FABRICACAO DE ESTRUTURAS DE MADEIRA E ARTIGOS DECARPINTARIA
40103020000,FABRICACAO DE ACESSORIOS DO VESTUARIO
40101030000,FABRICACAO DE MASSAS ALIMENTICIAS E BISCOITOS
20101040100,MINI-MERCADO
20202020100,DEPOSITO/POSTO DE REVENDA DE GAS  GLP CLASSE 3
30602010101,ESTABELECIMENTO DE ENSINO FORMAL DE PRIMEIRO E SEGUNDO GRAUS
30201060300,"FOTOCOPIAS, COPIAS HELIOGRAFICAS E PLASTIFICACAO"
40204020000,"EXEC.DE SERV.GRAFICOS DIVERSOS,IMPRESSAO LITOGRAFICA E OFF-SET,EM FOLHAS METALICAS,PAPEL,PAPELAO,CARTOLINA,MADEIRA,COURO,PLASTICO,TECIDOS,ETC,PRODUCAODE MATRIZES P/IMPRESSAO,PAUTACAO,ENCADERNACAO,DOU-RACAO,PLASTIFICACAO E EXEC.DE TRABALHOS SIMILARES."
30203070200,"OFICINA DE REPARACAO DE MAQUINAS AGRICOLAS, RETRO-ESCAVADEIRAS E AFINS"
40104010000,MALHARIA
20103070100,LOJA DE APARELHOS E EQUIPAMENTOS FOTOGRAFICOS
30201030200,OFICINA DE ASSISTENCIA TECNICA
30803020000,ESCRITORIO DE SERVICOS DE CONSULTORIA
30807000000,"ESTUDIO DE PINTURA,DESENHO E ESCULTURA"
30603040200,SINDICATO
20103040700,LOJA DE COLCHOES
40204020100,IMPRESSAO SERIGRAFICA
40403030000,FABRICACAO DE CARROCERIAS PARA VEICULOS AUTOMOTO-RES EXCLUSIVE CHASSIS
20103040300,TAPECARIA
30202020000,"OFICINA DE REPARACAO DE ARTIGOS DE MADEIRA  E DOMOBILIARIO (MOVEIS,PERSIANAS,ESTOFADOS,COLCHOES,ETC.)"
30203030000,OFICINA DE NIQUELAGEM E CROMAGEM
30202040300,OFICINA DE REPARACAO DE MOTOCICLETAS
20201100000,OBJETOS EM GERAL
30503000000,BOLICHES E BILHARES
20102020200,CHURRASCARIA
30806030000,ESCRITORIO DE SERVICOS DE REPRODUCAO E DOCUMENTA-CAO
40101080000,PREPARACAO DO LEITE E FABRICACAO DE PRODUTOS DE LATICINIOS
30103000000,CONFECCAO SOB MEDIDA E REPARACAO DE ARTIGOS DOVESTUARIO
30303000000,"BARBEARIA, SALAO DE BELEZA E MASSAGISTAS"
30201020000,"OFICINA DE REPARACAO DE INSTALACOES ELETRICAS,HI-DRAULICAS E DE GAS"
30801030108,CLINICA DE PSICOLOGIA
30808000000,CONSULTORIO VETERINARIO
20103140000,DISCOS E FITAS
30801040100,HOSPITAL GERAL
30602020304,ESCOLA DE ARTE
30103020000,"ATELIER DE COSTURA,BORDADO E TRICOT"
20103150100,"LOJA DE AQUARIOS, PEIXES E ARTIGOS AFINS"
30201030300,OFICINA DE MAQUINAS DE ESCRITORIO E SIMILARES
30806020000,ESCRITORIO DE SERVICOS DE TRADUCAO
30904000000,ESTACAO DE RADIODIFUSAO
30801030100,CLINICAS E POLICLINICAS MEDICAS
30303030000,"SERVICO DE MASSAGEM (MASSAGISTAS, MASSAGEM ESTETI-CA, TERAPEUTICA E RELAXANTE)"
30407030000,PENSIONATO
40101020100,FABRICACAO DE SORVETES
40103010000,"CONFECCAO DE ROUPAS,AGASALHOS E PECAS INTERIORESDO VESTUARIO"
20102150000,DEPOSITO/POSTO DE REVENDA DE GAS GLP CLASSE 1 E 2
30806000000,"SERVICO DE PUBLICIDADE E PROPAGANDA,DE TRADUCAO,REPRODUCAO E DOCUMENTACAO"
40204050000,EXECUCAO DE SERVICOS GRAFICOS NAO ESPECIFICADOS OUNAO CLASSIFICADOS
30602031300,TEMPLO E LOCAL DE CULTO EM GERAL
31001000000,BANCOS
30801030103,CLINICA MEDICA SEM PROCEDIMENTO INVASIVO
30801030120,CLINICA MEDICA SEM CALDEIRA
40102010000,"FABRICACAO DE INSTRUMENTOS,UTENSILIOS E APARELHOSDE MEDIDA,NAO ELETRICOS,PARA USOS TECNICOS EPROFISSIONAIS"
20103180000,VIDRACARIAS
30402040000,EMPRESA DE PINTURA DE IMOVEIS
20103200000,ARTIGOS DE PLASTICO E BORRACHA
30801020101,CONSULTORIO DE PSICOLOGIA
30802020000,ESCRITORIO DE COBRANCA E AJUSTE DE CONTAS
30709020000,"GARAGEM EM GERAL SEM ABASTECIMENTO ( TAXI, LOTACAOONIBUS E OUTROS VEICULOS)"
30803000000,"SERVICO DE ASSESSORIA, CONSULTORIA, PESQUISA, ANA-LISE E PROMOCOES"
30202050000,OFICINA-FUNILARIA
40101000000,INDUSTRIA DE PRODUTOS ALIMENTARES
20102160200,LOJA DE MATERIAL DE LIMPEZA
30601010403,CENTROS ESPORTIVOS
30403010000,EMPRESA DE LIMPEZA
30305010000,LABORATORIO DE ANALISES CLINICAS
31300000000,S E R V I C O S   D E   C O N S T R U C A OC I V I L
40201060000,"REPARACAO E MANUTENCAO DE MAQUINAS E APARELHOSELETRICOS,ELETRONICOS E DE COMUNICACOES"
20201100200,DEPOSITO DE FERRO VELHO
20102010600,LOJA DE BEBIDAS
20201120200,DEPOSITO DE PRODUTOS AGRICOLAS E VETERINARIOS
30403000000,EMPRESA DE LIMPEZA E VIGILANCIA
20103080400,LOJA DE PRODUTOS E EQUIPAMENTOS PARA JARDINS EPISCINAS
20103230100,LOJA DE INSTRUMENTOS MEDICO-HOSPITALARES
20102020601,RESTAURANTE E PIZZARIA SEM FORNO A LENHA
20201050000,"PAPEL,ARTIGOS P/PAPELARIAS"
30602020201,"CRECHE, ESCOLA MATERNAL, CENTRO DE CUIDADOS E ESTABELECIMENTO DE ENSINO PRE-ESCOLAR"
30603050000,INSTITUICAO PARA MENORES
20103030400,MADEIREIRA SEM DESDOBRAMENTO
30602020300,ESCOLA ESPECIAL
30701010400,SERVICO DE ATENDIMENTOS DE URGENCIA E EMERGENCIA EUNIDADES MOVEIS TERRESTRES E AEREAS EQUIPADAS E COCOM PESSOAL ESPECIALIZADO
31102000000,"AGENCIA DE EMPREGO, SERVICO DE SELECAO,TREINAMENTOE ADMINISTRACAO DE PESSOAL,ETC."
30202020100,ESTOFARIA
30203060000,OFICINA DE RETIFICACAO DE MOTORES
30801020000,CONSULTORIOS
20102030200,LOJA DE MATERIAL DE ESCRITORIO
30602030802,INSTITUICAO DE PREVIDENCIA
31101070400,ESCRITORIO DE INCORPORACOES E LOTEAMENTOS
31102030000,SERVICO DE TREINAMENTO E ADMINISTRACAO DE PESSOAL
30708000000,TRANSPORTADORAS
20201010200,CEREAIS
40204010000,"IMPRESSAO DE MATERIAL ESCOLAR,MATERIAL PARA USOINDUSTRIAL E COMERCIAL,PARA PROPAGANDA E OUTROSFINS,INCLUSIVE LITOGRAFADO"
30701010300,"CENTRO DE HABILITACAO(AUTO-ESCOLA, EXAMES TECNI-COS E PRATICOS-POSSIBILIDADE DE VISTORIAS EM VEI-CULOS E COBRANCAS DE TAXAS)."
20103100200,CONCESSIONARIA DE VEICULOS
20201120000,PRODUTOS FARMACEUTICOS
20201110000,"MAQUINAS,VEICULOS E EQUIPAMENTOS"
30602030400,CENTRO CULTURAL
20103240000,ANTIGUIDADES
31105000000,CENTRAL DE SERVICOS DE APOIO AS EMPRESAS
30801020106,CONSULTORIO DE PSIQUIATRIA
40102040000,"LAPIDACAO DE PEDRAS PRECIOSAS E SEMI-PRECIOSAS EFABRICACAO DE ARTIGOS DE OURIVESARIA,JOALHERIA EBIJUTERIAS"
30801030110,CLINICA DE PSIQUIATRIA COM INTERNACAO
40402010000,FABRICACAO DE ARTIGOS DE COLCHOARIA
30801020108,CONSULTORIO DE ASSISTENTE SOCIAL
20201130600,ARTIGOS SANITARIOS
40405030000,FABRICACAO DE ESTRUTURAS METALICAS
30203040000,OFICINA DE ESMALTACAO
40305030000,FABRICACAO DE PECAS E ORNATOS DE GESSO
20103210100,LOJA DE INSTRUMENTOS MUSICAIS
30602020200,JARDIM DE INFANCIA OU PRE-PRIMEIRO GRAU ( INCLUIN-DO O PRE-PRIMEIRO GRAU DO ENSINO FORMAL)
20103080500,LOJA DE COMPONENTES ELETRONICOS
20103040200,LOJA DE ARTIGOS DE DECORACAO
40101050100,BENEFICIAMENTO DE CEREAIS
30801030201,CLINICA E POLICLINICA ODONTOLOGICA SEM CALDEIRA
40402030000,"MONTAGEM DE MOVEIS DE METAL OU COM PREDOMINANCIADE METAL,REVESTIDOS OU NAO COM LAMINAS PLASTICAS,INCLUSIVE ARTEFATOS"
30602020301,ESCOLA PARA EXCEPCIONAIS
31101030100,IMOBILIARIA
20103210000,EQUIPAMENTOS DE SOM
40404040000,"REPARACAO E MANUTENCAO DE MAQUINAS,APARELHOS EEQUIPAMENTOS INDUSTRIAIS,AGRICOLAS E MAQUINAS DETERRAPLENAGEM"
20103220000,EQUIPAMENTOS DE SEGURANCA
20101010200,PEIXARIA
31101080000,ESCRITORIO DE LOCACAO
40305070000,"FABRICACAO DE PECAS,ORNATOS E ESTRUTURAS DE CIMEN-TO,GESSO E AMIANTO"
30305020000,LABORATORIO DE RADIOLOGIA
20102070100,LOJA DE TINTAS E DERIVADOS
20103070000,ARTIGOS FOTOGRAFICOS
40202030000,"FABRICACAO DE ARTIGOS DE MATERIAL PLASTICO PARAEMBALAGENS E ACONDICIONAMENTO,IMPRESSOS OU NAO"
20103140100,LOJA DE CONVENIENCIA
40404020100,SERVICO INDUSTRIAL DE USINAGEM
30602030200,AUDITORIO
30701010201,TELE-ENTREGA - NAO PAGA
20102060400,LOJA DE GUARDA-CHUVA E AFINS
30707000000,EMPRESA DE MUDANCA
20101010300,AVIARIO I (AVES VIVAS)
20201100100,DEPOSITO DE PRODUTOS DE BELEZA
20103100100,LOJA DE MOTOCICLETAS
20103180100,LOJA DE MOLDURAS
30602020306,ESCOLA PREPARATORIA
20201010002,ALIMENTOS NAO PERECIVEIS (VEDADO COMERCIALIZAR  PRDUTOS HORTIFRUTIGRANJEIROS)
30802040000,ESCRITORIO DE INVESTIGACAO PARTICULAR
20102020100,PIZZARIA
40401040200,FABRICACAO DE ESQUADRIAS
30404020000,"AGENCIA DE LOCACAO DE LOUCAS, SEMELHANTES E SERVI-COS DE BUFFET"
40202040000,"FABRICACAO DE ARTIGOS DIVERSOS DE MATERIAL PLASTICO (FITAS,FLAMULAS,DISTICOS,BRINDES,OBJETOS DE ADORNO,ARTIGOS DE ESCRITORIOS)"
40307020100,FABRICACAO ARTESANAL DE ARTEFATOS DE COURO
40201020200,FABRICACAO DE PECAS E ACESSORIOS
20201020000,BEBIDAS E FUMO
31101000000,"ESCRITORIO DE CORRETAGEM DE TITULOS, DE SEGUROS, DIMOVEIS, DE VEICULOS, LOCACOES, ETC"
30406000000,SERVICO DE AJARDINAMENTO
40402050000,FABRICACAO E ACABAMENTO DE ARTIGOS DIVERSOS DOMOBILIARIO
20103040600,GALERIA DE ARTE
31103010000,EMPREITEIRA DA CONSTRUCAO CIVIL
30101020000,"CONSERTO DE MAQUINAS E APARELHOS ELETRICOS OU NAO,DE USO PESSOAL OU DOMESTICO"
30706000000,"AGENCIA DE LOCACAO DE CAMINHOES,MAQUINAS E EQUIPA-MENTOS"
40102080000,FABRICACAO DE BRINQUEDOS
30809010000,CLINICA VETERINARIA COM ALOJAMENTO DE PEQUENO PORTE
40401040100,CARPINTARIA E MARCENARIA
30407020000,PENSAO
20201030000,VESTUARIO E TEXTEIS
30706020000,AGENCIA DE LOCACAO DE MAQUINAS E EQUIPAMENTOS
30201060200,OFICINA DE CONFECCAO E CONSERTO DE FECHADURAS  E CHAVES
20101010400,COMERCIO DE PRODUTOS CONGELADOS SEM PRODUCAO(SO CONGELAMENTO)
30801030111,CLINICA ESTETICA
20103230300,LOJA DE APARELHOS ORTOPEDICOS
30801030200,CLINICA E POLICLINICA ODONTOLOGICA
40405010200,SIDERURGICA
20201090000,MOBILIARIO
30805060000,ESCRITORIO DE URBANISMO
40201020000,FABRICACAO DE MATERIAL ELETRICO
20201130200,DEPOSITO DE MADEIRAS SEM DESDOBRAMENTO
30102010000,BARBEARIAS
30102030000,MANICUROS E PEDICUROS
40203000000,INDUSTRIA DE PAPEL E PAPELAO
30601010201,ACADEMIA DE ENSINO E/OU PRATICA DE ARTES MARCIAIS
20103230200,LOJA DE MATERIAL ODONTOLOGICO
30802030000,ESCRITORIO DE FINANCAS
20103040000,MOVEIS E ARTIGOS DE DECORACAO
40102020100,"FABRICACAO DE INSTRUMENTOS E UTENSILIOS NAO ELETRICOS PARA USO MEDICO-CIRURGICO, ODONTOLOGICO E LABORATORIAL"
20201040000,PELES E COUROS
30801030107,CLINICA DE FONOAUDIOLOGIA
40201030000,FABRICACAO DE MATERIAL ELETRONICO
30301010000,ALFAIATARIA
30602030500,CINEMAS
40301000000,INDUSTRIA QUIMICA
40305000000,INDUSTRIA DE PRODUTOS DE MINERAIS NAO METALICOS
40103000000,INDUSTRIA DO VESTUARIO
40304010000,"FABRICAÇÃO DE BEBIDAS NAO ALCOÓLICAS, INCLUSIVE ENGARRAFAMENTO E GASEIFICAÇÃO DE ÁGUAS MINERAIS"
30902010000,SERVICO DE TELEFONIA
30407000000,CASA DE COMODOS E PENSOES
40201040000,"FABRICACAO DE MATERIAL DE COMUNICACOES,INCLUSIVEPECAS E ACESSORIOS"
40103040000,"FABRICACAO DE CALCADOS PARA HOMENS,MULHERES ECRIANCAS"
30801030106,CLINICA DE ORTOPEDIA E TRAUMATOLOGIA
30801010300,POSTO DE ATENDIMENTO DE URGENCIA
30201040500,OFICINA DE REPARACAO DE BRINQUEDOS
30403020000,EMPRESA DE VIGILANCIA
30402010000,EMPRESA DE DEDETIZACAO
30704000000,"EMPRESA DE TAXI,LOTACAO E ONIBUS"
40401060100,FABRICACAO DE OBJETOS E UTENSILIOS DE MADEIRA
31002000000,FINANCEIRA
30203070000,"OFICINA DE REPARACAO E MANUTENCAO DE VEICULOS,IN-CLUSIVE CAMINHOES,TRATORES E MAQUINAS DE TERRA-PLENAGEM"
30801010000,AMBULATORIOS
30805070000,ESCRITORIO DE PAISAGISMO
40101020200,FABRICACAO DE GELO COMUM
40301020200,"FABRICACAO DE PRODUTOS QUIMICOS DERIVADOS DO PETROLEO, ROCHAS OLEIGENAS, CARVAO DE PEDRA E ALCOOL"
40305080200,FABRICACAO DE CONCRETO
30804010000,SERVICO DE SOFTWARE E HARDWARE
31101080100,LOCACAO DE FITAS DE VIDEO
40402020000,"MONTAGEM DE MOVEIS DE MADEIRA,VIME E JUNCO"
40101040200,FABRICACAO DE ALIMENTOS CONGELADOS E/OU PRE--PRONTOS
30602031500,INSTITUICAO CIENTIFICA E TECNOLOGICA
20103190100,LOJA DE ARTIGOS DE CACA E PESCA
30809030000,HOSPITAL VETERINARIO
30602031200,TEATRO
30302000000,CONFECCAO SOB MEDIDA DE CALCADOS E DEMAIS ARTIGOSDE COURO
29911010001,"PRODUTOS DE CONVENIÊNCIA, BOMBONIÉRE, JORNAIS, REVISTAS E CONGÊNERES"
29904010000,HORTIFRUTIGRANJEIROS
40302030000,FABRICACAO DE VELAS
40303010000,FABRICACAO DE PRODUTO FARMACEUTICO E VETERINARIO
30900000000,S E R V I C O S   D E   C O M U N I C A C A O
20102010400,PASTELARIA
30602020303,ESCOLA DE LINGUAS
30101000000,REPARACAO E SERVICOS DOMICILIARES
30304000000,"SAUNAS,DUCHAS E TERMAS"
30602030900,MUSEU
40301020700,FABRICACAO DE ADUBOS E FERTILIZANTES
30601010401,CENTROS SOCIAIS URBANOS
40301010000,"FABRICACAO DE PREPARADOS PARA LIMPEZA E POLIMENTO,DESINFETANTES,INSETICIDAS,GERMICIDAS E FUNGICIDAS"
30801020105,CONSULTORIO DE TERAPIA OCUPACIONAL
30201040200,OFICINA DE REPARACAO DE INSTRUMENTOS MUSICAIS
20102020602,RESTAURANTE E PIZZARIA
20102040000,FARMACIA/DROGARIA/PERFUMARIA
31101070200,ESCRITORIO DE FACTORING
20102090100,JORNAIS/REVISTAS
20102040300,COSMETICOS E OU PRODUTOS PARA SALAO DE BELEZA
30905000000,ESTACAO DE TELEVISAO
30801030105,CLINICA MEDICA COM CIRURGIA
20103060100,RELOJOARIA
30808010000,CONSULTORIO VETERINARIO SEM ALOJAMENTO
30807020000,ESTUDIO DE DESENHO
20101040300,PRODUTOS COLONIAIS
30203070100,OFICINA MECANICA PARA VEICULOS DE CARGA OU COLETI-VOS
40203010200,FABRICACAO DE LIXAS
30503010000,MINI-SNOOKER
30809070000,CLINICA VETERINARIA SEM ALOJAMENTO
30801010200,POSTO DE ATENDIMENTO MEDICO
40102070000,"REVELACAO,COPIAGEM,CORTE,MONTAGEM,GRAVACAO,DUBLA-GEM,SONORIZACAO E OUTROS TRABALHOS CONCERNENTES APRODUCAO DE PELICULAS CINEMATOGRAFICAS."
30202030000,OFICINA DE REPARACAO DE ARTIGOS DE BORRACHA (PNEUSCAMARAS DE AR E OUTROS ARTIGOS)
29909020000,FLORES/FLORISTAS
39901010000,PRESTAÇÃO DE SERVIÇOS DE CHAVEIROS
30501000000,JOGOS ELETRONICOS (FLIPERAMA)
30805000000,"SERVICO DE ENGENHARIA, ARQUITETURA, URBANISMO, PAISAGISMO, AGRONOMIA, GEOLOGIA, GEODESIA, CARTOGRAFIAEROFOTOGRAMETRIA E TOPOGRAFIA"
20201020100,BEBIDAS
20102030400,SUPRIMENTO P/ COMPUTADORES E MATERIAIS INFORMATICA
30709000000,"GARAGEM EM GERAL ( TAXI, LOTACAO, ONIBUS E OUTROSVEICULOS )"
20102030300,LOJA DE MATERIAL ESCOLAR
20103230000,"INSTRUMENTOS MEDICO HOSPITALARES/MATERIAL ODONTO-LOGICO,APARELHOS ORTOPEDICOS,AUDITIVOS E EQUIPA-MENTOS CIENTIFICOS E DE LABORATORIO"
30805030000,ESCRITORIO DE AGRONOMIA
31001030000,SEGURADORA
31001020000,CORRETORA
20102130200,PET SHOP ( COMERCIO DE ACESSORIOS PARA ANIMAIS )VEDADO O COMERCIO DE ANIMAIS
20103080700,APARELHOS ELETRONICOS
20202020200,DEPOSITO/POSTO DE REVENDA DE GAS GLP CLASSE 4
40401060000,FABRICACAO DE ARTIGOS DIVERSOS DE MADEIRA
20103230400,LOJA DE EQUIPAMENTOS CIENTIFICOS E DE LABORATORIO
30602020203,INSTITUICAO DE EDUCACAO INFANTIL COMUNITARIA
30201040300,OFICINA DE REPARACAO DE INSTRUMENTOS CIENTIFICOS
20103010200,BATERIAS
20202010200,METAIS
30408020000,HOSPEDARIA
30102040000,MASSAGISTA
30801020104,CONSULTORIO DE FONOAUDIOLOGIA
30404000000,"AGENCIA DE LOCACAO DE MOVEIS,LOUCAS E SEMELHANTES,SERVICOS DE BUFFET"
40201050000,"FABRICACAO DE APARELHOS ELETRICOS,PECAS E ACESSORIOS,EXCLUSIVE MAQUINAS INDUSTRIAIS E COMERCIAIS"
30806010100,"EDITORACAO GRAFICA, EDICAO E IMPRESSAO DE OUTROS PRODUTOS GRAFICOS"
50400000000,INDUSTRIA VINCULADA A EXTRACAO DE MATERIA PRIMALOCAL
20103030100,LOJA DE ARTIGOS SANITARIOS
30809050000,CONSULTORIO VETERINARIO COM ALOJAMENTO DE MEDIO EGRANDE PORTE
30303010100,SERVICO DE PODOLOGIA
30603030000,CONSELHO COMUNITARIO E ASSOCIACAO DE MORADORES
40306020000,"FABRICACAO DE ARTEFATOS DIVERSOS DE BORRACHA,NAOESPECIFICADOS OU NAO CLASSIFICADOS"
20000000000,C  O  M  E  R  C  I  O
30101010000,CONSERTO DE CALCADOS E ARTIGOS DE COURO
30707010000,AGENCIAMENTO DE CARGAS
30602010300,ESTABELECIMENTO DE ENSINO FORMAL DE TERCEIRO GRAU
40401000000,INDUSTRIA DA MADEIRA
30801020102,CONSULTORIO DE TERAPIAS ALTERNATIVAS
40101020000,"FABRICACAO DE BALAS,CARAMELOS,PASTILHAS,DROPS,BOM-BONS,CHOCOLATES,ETC.,INCLUSIVE GOMA DE MASCAR"
30404040000,DECORACAO DE FESTAS
30502010000,BAILAO
20103190200,"LOJA DE BARCOS, TRAILERS E EQUIPAMENTOS NAUTICOS"
40402050100,FABRICACAO DE MOVEIS DE PLASTICOS
20103010100,"PECAS E ACESSORIOS PARA BICICLETAS,CICLOMOTORES EMOTOS"
30806040000,ESCRITORIO DE ELABORACAO DE MATERIAS JORNALISTICAS
20102070200,"TROFEUS, BRINDES E MEDALHAS"
30201040000,"OFICINA DE REPARACAO DE ARTIGOS DIVERSOS,  INSTRUMENTOS MUSICAIS,CIENTIFICOS,APARELHOS DE PRECISAOBRINQUEDOS E DEMAIS ARTIGOS NAO ESPECIFICADOS"
40204000000,INDUSTRIA EDITORIAL E GRAFICA
20102020400,GALETERIA
40102030000,"FABRICACAO DE APARELHOS,INSTRUMENTOS E MATERIAISFOTOGRAFICOS E DE OTICA"
30709030000,GARAGEM GERAL
40203010100,FABRICACAO DE ARTEFATOS DE PAPEL DE USO DOMESTICO
40101040000,"REFEICOES CONSERVADAS,CONSERVAS DE FRUTAS,LEGUMESE OUTROS VEGETAIS,PREPARACAO DE ESPECIARIAS E CON-DIMENTOS,FABRICACAO DE DOCES"
40403040100,ESTALEIRO
30801030115,SERVICO DE RADIOLOGIA
30502020000,BOATE
20103150200,ALIMENTOS PARA ANIMAIS(CONGELADOS OU NAO)
30901000000,AGENCIA DOS CORREIOS E TELEGRAFOS
20102060200,LOJA DE ROUPAS USADAS
30404030000,"LOCACAO DE BENS MOVEIS (FITAS,DISCOS/EQUIP. DE SOM"
30407010000,CASA DE COMODOS
30402000000,"EMPRESA DE DEDETIZACAO, DESINFECCAO, APLICACAO  DESINTECO E PINTURA DE IMOVEIS"
20103120000,FLORISTAS
30807010000,ESTUDIO DE PINTURA E ESCULTURA
20103100101,LOJA DE BICICLETAS E/OU CICLOMOTORES
40301020300,FABRICACAO DE MATERIA PLASTICA
30802060200,ESCRITORIO DE AUDITORIAS CONTABEIS
40102060000,"FABRICACAO DE ESCOVAS,BROCHAS,PINCEIS,VASSOURAS,ESPANADORES,ETC."
31001060000,BANCO DE FOMENTO MERCANTIL
40302010000,FABRICACAO DE PRODUTOS DE PERFUMARIA EM GERAL
20103080200,"LOJA DE MICROCOMPUTADORES, COMPUTADORES PESSOAIS OU EQUIPAMENTOS PARA INFORMATICA"
30101030000,"REPARACAO DE INSTALACOES ELETRICAS,HIDRAULICAS EDE GAS"
31102040000,AGENCIA DE CASAMENTO/MATRIMONIAIS
30805040000,ESCRITORIO DE GEOLOGIA
31101010000,ESCRITORIO DE CORRETAGEM DE TITULOS
30000000000,S  E  R  V  I  C  O  S
29901030000,CACHORRO QUENTE
40101040300,FABRICACAO DE CONDIMENTOS E TEMPEROS
30402050000,"INSTALACAO DE PORTAS, JANELAS, TETOS, DIVISORIAS EARMARIOS EMBUTIDOS,DE QUALQUER MATERIAL,INCLUSIVEESQUADRIAS"
40101040100,"FABRICACAO DE CONSERVAS, PATES, GELEIAS E AFINS"
30801020103,CONSULTORIO DE FISIOTERAPIA
30305030000,LABORATORIO DE OTICA
31101080200,JOGOS DE VIDEO-GAME E LOCACAO DE CARTUCHOS
31301090000,SEDE DE EMPRESA DE IMPERMEABILIZACAO
20102060500,LOJA DE ARTIGOS REGIONAIS
20103030300,MADEIREIRA COM DESDOBRAMENTO
20102160100,LOJA DE ARTIGOS PARA EVENTOS FESTIVOS
30202020200,OFICINA DE REPARACAO DE MOVEIS DE ESCRITORIO
30801030300,CLINICA E POLICLINICA DE REPOUSO E GERIATRIA
30801030102,CLINICA MEDICA
30903020000,PRODUTORA DE FILMES DE VIDEO-CASSETE
29906020000,REFRIGERANTES
40202000000,INDUSTRIA DE PRODUTOS DE MATERIA PLASTICA
30809040000,CONSULTORIO VETERINARIO COM ALOJAMENTO DE PEQUENO
20100000000,C O M E R C I O   V A R E J I S T A
40203010000,"FABRICACAO DE ARTEFATOS DE PAPEL,INCLUSIVE EMBALA-GENS, NAO ASSOCIADA A PRODUCAO DO PAPEL"
40305040000,FABRICACAO E ELABORACAO DE VIDRO E CRISTAL
40405010300,METALURGIA DE METAIS NAO FERROSOS
20200000000,COMERCIO ATACADISTA
30806050000,ESCRITORIO DE EDICAO DE PERIODICOS
20202010300,RESINAS E TINTAS
31102020000,SERVICO DE SELECAO DE PESSOAL
40302020000,"FABRICACAO DE SABOES,DETERGENTES E GLICERINA"
20201130300,DEPOSITO DE MADEIRAS COM DESDOBRAMENTO
30202030200,CONSERTO DE BATERIAS
20201100500,DEPOSITO DE MATERIAL DE LIMPEZA E HIGIENE
20202020300,DEPOSITO OU POSTO DE REVENDA DE GAS- CLASSE 5
40102000000,INDUSTRIAS DIVERSAS
40101060200,FABRICACAO DE SALGADINHOS
30903000000,AGENCIA DE SONORIZACAO
20201000000,COMERCIO ATACADISTA COM INTERFERENCIA AMBIENTAL DENIVEL 2
40101080100,FABRICACAO DE PRODUTOS DE LATICINIOS E FIAMBRES
30808030000,SALAO DE BELEZA PARA ANIMAIS
30404050000,ANIMACAO DE FESTAS
20101010301,COMERCIO DE OVOS (VENDA EXCLUSIVA DE OVOS)
30402020000,EMPRESA DE DESINFECCAO
40104020000,"FABRICACAO DE ARTIGOS DE PASSAMANARIAS,FITAS,FILOSRENDAS E BORDADOS"
30801020109,CONSULTORIO DE PEDAGOGIA
30601010203,ACADEMIA DE ENSINO E/OU PRATICA DE ESPORTE COLETIVO
20202010000,"MINERIOS,METAIS,RESINAS,PLASTICOS,BORRACHAS"
40202060100,FABRICACAO OU RECICLAGEM DE PLASTICOS
20201130400,EQUIPAMENTOS HIDRAULICOS
31101050100,ADMINISTRADORA DE CONSORCIOS
30801020107,CONSULTORIO DE NUTRICIONISTA
31101070800,"EMPRESA DE TRANSPORTE POR NAVEGACAO INTERIOR DECARGA (RIOS,CANAIS,LAGOS, BAIAS E  OUTRAS  VIASNAVEGACAO,REGULAR OU NAO)"
29901040000,CHURROS
31102010000,AGENCIA DE EMPREGO
30807030000,DECORACAO DE INTERIORES
40305080000,FABRICACAO DE ARGAMASSA
30201040700,"REPARACAO, INSTALACAO E MANUTENCAO DE EQUIPAMENTOSDE SEGURANCA E ALARMES"
40202020000,FABRICACAO DE ARTIGOS DE MATERIAL PLASTICO PARAUSO DOMESTICO E PESSOAL
30801020110,CONSULTORIO DE PSICOPEDAGOGIA
20101040200,ALIMENTOS NATURAIS
30603000000,SERVICOS COMUNITARIOS E SOCIAIS
40104010100,FABRICACAO DE COBERTORES E TAPETES
20102040400,ESPECIALIDADES FARMACEUTICAS ALOPATICAS OU HOMEOPATICAS (VITAMINAS E COMPLEMENTOS ALIMENTARES)
30201060100,OFICINA DE CONFECCAO DE CARIMBOS
40203020100,FABRICACAO DE ARTEFATOS DE PAPEL DE USO NAO DOMES-TICO
30102000000,SERVICO DE ESTETICA PESSOAL
30707020000,"ATIVIDADES AUXILIARES DE TRANSPORTES PORTUARIO,AEROPORTUARIO E FERROVIARIO."
20201100600,VASILHAMES E EMBALAGENS
40102020200,"FABRICACAO DE APARELHOS MECANICOS, ELETRICOS OUELETRONICOS PARA INSTALACOES HOSPITALARES, CONSUL-TORIO MEDICO E ODONTOLOGICO E LABORATORIO"
40203020000,"FABRICACAO DE ARTEFATOS DE PAPELAO,CARTOLINA E CARTAO,INCLUSIVE EMBALAGENS,IMPRESSOS OU NAO, SIMPLESOU PLASTIFICADOS,NAO ASSOCIADA A PRODUCAO DE PAPE-LAO,CARTOLINA E CARTAO"
40102020000,"FABRICACAO DE APARELHOS,INSTRUMENTOS E MATERIALORTOPEDICO (INCLUSIVE CADEIRAS DE RODA) ODONTOLO-GIA E LABORATORIOS"
40305080300,FABRICACAO DE CIMENTO
30602020308,ESCOLA DE CULTURA GERAL E HABILIDADE ESPECIFICA
29918070000,RAMO 7 (PANIFICIO INDUSTRIA)
20201070300,MATERIAL ODONTOLOGICO
31301000000,"CONSTRUCAO CIVIL,TERRAPLENAGEM E ESCAVACOES ,PAVI-MENTACAO,ESTAQUEAMENTO,URBANIZACAO,DEMOLICOES,FUN-DACOES,ESTRUTURAS E CONCRETO,IMPERMEABILACAO, SER-VICOS SIMILARES"
40102050000,"FABRICACAO DE INSTRUMENTOS MUSICAIS,GRAVACAO DEMATRIZES E REPRODUCAO DE DISCOS PARA FONOGRAFOSE FITAS MAGNETICAS"
20202010400,PLASTICOS
30602020302,ESCOLA DE SUPLETIVO
30801030121,CLINICA MEDICA S/PROCEDIMENTO INVASIVO S/CALDEIRA
30300000000,SERVICOS DE INTERFERENCIA AMBIENTAL DE NIVEL 2
40305050100,FABRICACAO DE MATERIAIS ABRASIVOS
30902000000,AGENCIA TELEFONICA
30700000000,G A R A G E M  C O M E R C I A L
30602010000,ESTABELECIMENTOS DE ENSINO FORMAL
20103120100,LOJA DE FLORES E FOLHAGENS (SEM CULTIVO)
30903010000,PRODUTORA DE FILMES CINEMATOGRAFICOS
30703020000,AGENCIA DE LOCACAO DE AUTOMOVEIS
40401030000,"FABRICACAO DE CHAPAS E PLACAS DE MADEIRA,MADEIRAAGLOMERADA OU PRENSADA E DE MADEIRA COMPENSADA,REVESTIDA OU NAO DE MATERIAL PLASTICO,INCLUSIVEARTEFATOS"
20201070200,MATERIAL CIRURGICO
30800000000,S E R V I C O S   P R O F I S S I O N A I S   ET E C N I C O S
30703000000,"AGENCIA DE LOCACAO DE VEICULOS, AUTOMOVEIS, MOTOCICLETAS, BICICLETAS"
30603010000,AGENCIA DE SERVICO SOCIAL
30404060000,"LOCACAO DE SALAS OU SALOES PARA EVENTOS, FESTAS E SIMILARES"
30408030000,HOTEL-RESIDENCIA
20201070000,MATERIAL OTICO E CIRURGICO
30706010000,AGENCIA DE LOCACAO DE CAMINHOES
40301020100,FABRICACAO DE ELEMENTOS E PRODUTOS QUIMICOS
30404010100,SERVICO DE BUFFET
30602030000,EQUIPAMENTO DE CARATER CULTURAL
20102110101,CONFEITARIA
30701010200,TELE-ENTREGAS
30704020000,EMPRESA DE LOTACAO
40202010000,FABRICACAO DE LAMINADOS PLASTICOS
20103150300,LOJA DE ACESSORIOS PARA ANIMAIS
20201010400,CENTRAL DE PREPARO E DISTRIBUICAO DE ALIMENTOS PARA TERCEIROS E/OU FILIAIS
30201020300,INSTALACOES DE GAS
20103030500,"COMERCIO DE ESQUADRIAS EM GERAL, DE QUALQUER MATE-RIAL"
31101080300,"LOCACAO DE CD'S, DISCOS E FITAS"
30805050000,"ESCRITORIO DE SERVICOS DE CARTOGRAFIA, AEROFOTOGRAMETRIA E TOPOGRAFIA"
20201070400,MATERIAL ORTOPEDICO
20102110102,BOMBONIERE
20103130100,"COMERCIO DE EMBALAGENS DE PAPEL, PAPELAO OU PLASTICO"
20102020600,CASA DE MASSAS OU RESTAURANTE COM PREDOMINANCIA DEPASTAS (MASSAS) E COM CONGELAMENTO
30104000000,SERVICOS PROFISSIONAIS
30202040600,OFICINA DE GEOMETRIA E BALANCEAMENTO
30701010100,FRETES/CARRETOS
30704010000,EMPRESA DE TAXI
30402070000,SERVICO DE MONTAGENS DE ESTRUTURAS PLASTICAS  OUMETALICAS PARA COBERTURAS (TOLDOS)
40306000000,INDUSTRIA DA BORRACHA
30801030116,SERVICO DE MEDICINA NUCLEAR
30407030100,PENSIONATO PARA IDOSOS
30902020000,EMPRESA DE MANUTENCAO DE REDES E/OU LINHAS PARATELECOMUNICACAO
20102040500,PRODUTOS DE HIGIENE PESSOAL
20102020501,"INCLUIDA A ATIVIDADE DE PALCO, COM MUSICA AO VIVO""E OUTROS SHOWS, NA CLASSIFICACAO """"COMERCIO VAREJIS""""TA"""""""
30303040000,"SERVICO DE ASTROLOGOS, VIDENTES E SIMILARES"
20201110100,DEPOSITO DE COMPUTADORES
20201010300,BALAS E DOCES
30601030400,LOCAL PARA CAMPING
30801030122,CLINICA MEDICA C/PROCEDIMENTO INVASIVO S/CALDEIRA
30803050000,"ESCRITORIO DE AVALIACAO DE BENS, PERICIAS/LAUDOS/EXAMES/ANALISES TECNICAS/ASSISTENCIA TECNICA  EM SEGUROS,PERITAGEM, AVALIACAO DE SINISTROS."
40204030000,"EXECUCAO DE SERVICOS GRAFICOS PARA EMBALAGENS EMPAPEL,PAPELAO,CARTOLINA E MATERIAL PLASTICO"
40101060000,"PREPARACAO E FABRICACAO DE PRODUTOS ALIMENTARES DIVERSOS,INCLUSIVE RACOES BALANCEADAS E ALIMENTOS PREPARADOS PARA ANIMAIS"
20201130500,"COMERCIO DE FERRO E ACO, COM DEPOSITO"
31001040000,SOCIEDADE DISTRIBUIDORA DE TITULOS E VALORES
30303050000,SERVICO DE TATUAGEM E COLOCAÇÃO DE PIERCING
31301010100,SEDE DE EMPRESA DE SERVICOS DE INSTALACAO E MONTAGEM INDUSTRIAL.
30701010500,"SERVICO DE AMBULANCIA (REMOCAO), SEM CUIDADOSMEDICOS E OU ENFERMAGEM, DESTINADO EXCLUSIVAMENTEAO TRANSPORTE, NAO ENVOLVENDO ATENDIMENTO"
30801030400,BANCO DE SANGUE
20101030200,PADARIA SEM UTILIZACAO DE FORNO A LENHA
31001070000,POSTO DE ATENDIMENTO BANCARIO ESPECIAL - PAB
30801030109,CLINICA DE TERAPIA OCUPACIONAL
40301020800,FABRICACAO DE PRODUTOS QUIMICOS DIVERSOS
30404010000,"AGENCIA DE LOCACAO DE MOVEIS, LOUCAS E SEMELHANTES"
20201020200,FUMO
30802080000,SERVICO DE LEILOEIRO
20201100300,DEPOSITO DE EQUIPAMENTOS CONTRA INCENDIO
20201100400,DEPOSITO DE PECAS USADAS
30902010100,SERVICO DE TELEATENDIMENTO
20201000100,DISTRIBUIDORA DE BENS DE TERCEIROS
30403030000,EMPRESA DE LIMPEZA E VIGILANCIA S/ARMAZENAMENDO DEPRODUTOS QUIMICOS
30401020000,TINTURARIA E LAVANDERIA SEM CALDEIRA
30806040100,ESCRITORIO DE CAPTACAO DE ANUNCIOS
20201060000,PRODUTOS PARA FOTOGRAFIA E CINEMATOGRAFIA
20102040404,PERFUMARIA SEM MANIPULACAO
30603020000,"ASILOS (GERIATRIA, PENSIONATO SEM TRATAMENTO TERA-PEUTICO)"
30403040000,EMPRESA DE LIMPEZA S/ARMAZENAMENTO DE PRODUTOS QUIMICOS
30801030118,CLINICA E POLICLINICA MEDICA SEM UTILIZACAO DECALDEIRA
30801030112,SERVICO DE HEMOTERAPIA
20102040402,"FARMACIA, DROGARIA, PERFUMARIA SEM MANIPULACAO"
20103230500,LOJA DE EQUIPAMENTOS AUDITIVOS
31101060100,ESCRITORIO DE PLANOS DE SAUDE
30801030119,CLINICA DE FISIOTERAPIA SEM CALDEIRA
20201010500,SERVICO DE ALIMENTACAO DENTRO DE ESTABELECIMENTOSCOM PUBLICO FIXO COM USO DE COZINHA INDUSTRIAL
30403050000,EMPRESA DE VIGILANCIA S/ARMAZENAMENTO DE PRODUTOSQUIMICOS
20102040403,FARMACIA/DROGARIA SEM MANIPULACAO
20201120300,DISTRIBUIDORA DE MEDICAMENTOS
30704050000,EMPRESA DE TRANSPORTE TURISTICO
31101070500,EMPRESA DE TRANSPORTE MARITIMO DE CABOTAGEM(PASSAGEIROS E CARGAS NO LITORAL)
30801030124,CLINICA DE ORTOPEDIA E TRAUMATOLOGIA S/CALDEIRA
39901030000,PRESTAÇÃO DE SERVIÇO DE SAPATEIRO
30203070300,OFICINA DE REPARACAO E MANUTENCAO DE VEICULOS AUTOMOTORES
30602030100,ARQUIVO
30903030000,INSTALACAO DE SOM EM FESTAS
30801020300,CONSULTORIO DE ENFERMAGEM
30202040502,OFICINA DE PINTURA PARA VEICULOS
30708040000,DEPOSITOS (FECHADOS)
30602030300,BIBLIOTECAS
30708030000,SERVICO DE COLETA DE RESIDUOS INDUSTRIAIS OU NAO
20201050100,MATERIAL DE DESENHO
30305060000,POSTO DE COLETA
20101060000,COMERCIO VAREJISTA DE HORTIGRANJEIROS
20103150400,PRODUTOS VETERINARIOS
30602030700,INSTITUTO DO LIVRO
30704040000,EMPRESA DE TRANSPORTE ESCOLAR
20201110200,DEPOSITO DE EQUIPAMENTOS AMBULANTES
40304020000,"FABRICACAO DE CERVEJAS,CHOPES E MALTES"
20102010300,SANDUICHERIA
30602020311,ESCOLA DE MUSICA
31101030200,PROMOTORA DE EMPREENDIMENTOS IMOBILIARIOS
29901050000,PIPOCA
30305050000,LABORATORIO CLINICO
30303060000,PERSONAL TRAINER
20102010700,CAFETERIA
30303010200,SERVICO DE BRONZEAMENTO ARTIFICIAL
30801030117,CLINICA E POLICLINICA SEM UTILIZACAO DE CALDEIRA
20103040202,"LOJA DE PERSIANAS, CORTINA E PORTAS SANFONADAS"
30603040300,COOPERATIVA
30806060000,COLOCACAO DE LEGENDAS EM FILMES
30202040201,OFICINA DE CONVERSAO E MANUTENCAO DE VEICULOS COMMOTORES MOVIDOS POR GAS NATURAL VEICULAR - GNV
40202050000,FABRICACAO DE MOVEIS MOLDADOS DE MATERIAL PLASTI-CO
20102040401,PRODUTOS DIETETICOS E SIMILARES CONSERVADOS (NAOPERECIVEIS)
30806070000,ESTUDIO DE EDICAO E GRAVACAO DE FITAS DE VIDEO CASSETE E CD DE FESTAS E OU EVENTOS
20103030600,COMERCIO DE ESTRUTURAS PLASTICAS OU METALICAS PARA COBERTURAS (TOLDOS)
20102060600,LOJA DE ARTIGOS MILITARES
20103080800,COMERCIO DE VEICULOS DE DIVULGACAO (OUT DOOR)
20201060200,COMERCIO ATACADISTA DE BIJOUTERIAS
30801020201,POSTO DE ATENDIMENTO ODONTOLOGICO
40305050000,"BENEFICIAMENTO E PREPARACAO DE MINERAIS NAO META-LICOS,NAO ASSOCIADOS A EXTRACAO"
20201070100,MATERIAL OTICO
30801030123,CLINICA MEDICA S/CIRURGIA S/CALDEIRA
20103080401,ARTEFATOS E EQUIPAMENTOS DE FIBRA DE VIDRO
30402080000,SERVICOS DE MONTAGEM DE OBJETOS E EQUIPAMENTOS
30803010100,SERVICO DE CONSULTORIA E ASSESSORIA NA AREA MEDICA
30801030125,CLINICA MEDICA COM CIRURGIA SEM CALDEIRA
31301010200,SERVICOS DE CONSTRUCAO CIVIL EM GERAL (INSTALACAOE REPARACAO E AFINS)
30405000000,AGENCIA DE GUARDA MOVEIS
31101060200,ESCRITORIO DE PARTICIPACAO EM OUTRAS EMPRESAS MEDIANTE COMPRA/SUBSCRICAO DE ACOES OU QUOTAS
30802020100,"COBRANCA DE IMPOSTOS, TAXAS E SIMILARES"
20103010300,"OLEOS, GRAXAS E LUBRIFICANTES"
20102150100,DEPOSITO/POSTO DE REVENDA DE GAS GLP  CLASSE 1
20201120101,COMERCIO DE GASES INDUSTRIAIS E MEDICINAIS
30203070400,"OFICINA DE TROCA E COLOCACAO DE SURDINAS, MOLAS,AMORTECEDORES E INSTALACAO DE PECAS E ASSESSORIOS(VEDADO OFICINA MECANICA)"
20102140100,"POSTO DE ABASTECIMENTO,INCLUSIVE GNV(GAS NAT. VEIC"
30603040101,SEDE DE ENTIDADE DE CLASSE SEM PRESTACAO  SERVICO
40103030100,FABRICACAO DE FRALDAS E ABSORVENTES HIGIENICOS
20202030000,ALIMENTOS ARMAZENADOS EM CAMARAS FRIGORIFICAS
30402060000,SERVICO DE MONTAGEM DE MOVEIS
30203000100,MARMORARIA E LAPIDACAO DE PEDRAS
20102010601,"AGUA MINERAL,SUPORTE PARA BOMBONAS E PURIFICADORESDE AGUA"
20202010500,BORRACHAS
30303070000,INSTRUTOR DE IOGA
31101080500,JOGOS DE COMPUTADOR EM REDE (LAN HOUSE)
31002010000,ARRENDAMENTO MERCANTIL (LEASING)
20201060100,COMERCIO ATACADISTA DE JOIAS/RELOGIOS/BIJOUTERIAS
30201060101,RECARGA DE CARTUCHOS PARA IMPRESSORAS
30305070000,LABORATORIO DE REVELACAO FOTOGRAFICA
30602020310,PRE VESTIBULAR
30801020112,CONSULTORIO DE PSICANALISE
31301050000,SEDE DE EMPRESA DE URBANIZACAO
30602020312,ESCOLA DE DANCA
31101080600,CYBER CAFE
30707010100,ESCRITORIO DE AGENCIAMENTO DE CARGAS
30202010100,OFICINA DE LAVAGEM
20201050200,GRAFICAS
30404060200,"LOCAL E EQUIPAMENTOS DE LAZER TEMPORARIO DENTRO DESHOPPINGS, CENTROS COMERCIAIS E SUPERMERCADOS, ETC"
20103080900,FERRAMENTAS EM GERAL
30801030128,CLINICA DE PSIQUIATRIA SEM INTERNACAO
20201010004,COMERCIO DE ALIMENTOS NA CEASA (PERECIVEIS E NAOPERECIVEIS)
20102140200,POSTO DE ABASTECIMENTO DE GNV
40101070100,"ABATE, EMBALAGEM E FRIGORIFICACAO DE CARNES"
40101090000,"DESOSSA,TRANSFORMACAO E BENEFICIAMENTO DE GADO"
30801030126,CLINICA DE RADIOLOGIA
30902020100,EMPRESA DE CONSTRUCAO E MANUTENCAO DE LINHAS DEDISTRIBUICAO E TRANSMISSAO DE ENERGIA ELETRICA
30201040800,REPARACAO E CONSERTO DE ARMACAO PARA OCULOS
20201010003,COMERCIO DE HORTIFRUTIGRANJEIROS NA CEASA
30801020113,CONSULTORIO DE PSICOTERAPIA
30802050000,ESCRITORIO DE SERVICOS DE INVESTIMENTOS BANCARIOS
30404060100,LOCACAO DE TRAJES E ARTIGOS DO VESTUARIO
30801030129,CLINICA DE ATIVIDADES TERAPEUTICAS NAO MEDICAS
30902030000,AGENCIA DE LOCACAO DE VEICULOS DE DIVULGACAO
31101050200,"GESTAO (ADMINISTRACAO) DE SISTEMA DE VALES  ALIMENTACAO, TRANSPORTE DE COMBUSTIVEIS E SIMILARES"
30701020400,SERVICO DE GUINCHO SEM DEPOSITO
30708040100,DEPOSITOS (FECHADOS) SEM ISS
30403040100,EMPRESA DE LIMPEZA E DESINFECCAO DE RESERVATORIOSDE AGUA POTAVEL
30809060100,CRIACAO DE ANIMAIS (CAES E GATOS) COM FINS DECOMERCIO E/OU SERVICOS.
30809000000,"CLINICAS, ALOJAMENTOS E HOSPITAIS VETERINARIOS"
29911010000,JORNAIS E REVISTAS
30801020114,CONSULTORIO DE OPTOMETRIA
29901140000,AGUA DE COCO
29901080000,DOCES E SALGADINHOS INDUSTRIALIZADOS
29904040000,CACHORRO-QUENTE EM VEICULO AUTOMOTOR
30602020307,ESCOLA DE ADESTRAMENTO DE ANIMAIS DE PEQUENO PORTE
30708050000,OPERACAO LOGISTICA
30803010200,CORRESPONDENTE DE INSTITUICAO FINANCEIRA
20102010800,CANTINA SEM FORNO A LENHA
20102060300,LOJA DE ARTIGOS DE PELE
20201010600,COMERCIO ATACADISTA DE CARNES E DERIVADOS
40303010100,FABRICACAO DE MEDICAMENTOS
40102100100,PRODUCAO ORGANICA
30801030127,CLINICA DE PSICANALISE E TERAPIA
30904010000,ESTACAO DE RADIO DIFUSAO
20102150200,DEPOSITO/POSTO DE REVENDA DE GAS GLP CLASSE 2
29912010000,MIUDEZAS
29901220000,CAFE
29901100000,SUCOS
29901160100,ÁGUA MINERAL E REFRIGERANTES
29901160000,REFRIGERANTE
30404030100,LOCACAO DE EQUIPAMENTOS ORTOPEDICOS E SIMILARES
20102160300,COMERCIO DE FOGOS DE ARTIFICIO E ARTIGOS PIROTEC-NICOS
20103120200,COMERCIO DE LENHA
30601010205,ESCOLA DE CULTURA FISICA
30801030303,RESIDENCIAL TERAPEUTICO
31001090000,POSTO DE ATENDIMENTO ELETRONICO PAE(FIXO OU MOVEL)
40301010100,"FABRICACAO DE PREPARADOS PARA LIMPEZA, POLIMENTOE DESINFETANTES"
50300000000,BENEFICIAMENTO DE MATERIA PRIMA LOCAL
31101070600,EMPRESA DE TRANSPORTE MARITIMO DE LONGO CURSO(PASSAGEIROS E CARGAS A NIVEL INTERNACIONAL)
30701020300,SERVICO DE GUINCHO COM DEPOSITO
20103160000,FUNERARIA
30806070100,ESTUDIO DE MUSICA ( GRAVACAO E EDICAO DE SOM )
20103140200,COMERCIO DE GELO COMUM EMBALADOS OU NAO
30602010102,"ESTABELECIMENTO DE ENSINO FORMAL DE PRIMEIRO, SEGUNDO E TERCEIRO GRAUS"
30602030801,ASSOCIACAO FILANTROPICA COM ABRIGAGEM
20201080000,INSTRUMENTOS MUSICAIS
30809060200,CRIACAO DE ANIMAIS (CAES E GATOS) SEM FINS COMER-CIAIS E/OU SERVICOS
20101010402,COMERCIO DE CARNE ASSADA/GALETO
40202060300,RECICLAGEM DE PLASTICOS
30503040000,BOCHA
30601010204,CLUBES
20102010602,SUPORTE PARA BOMBONAS E PURIFICADORES DE AGUA
30305080000,LABORATORIO DE TESTES E ANALISES TECNICAS
30701010202,MOTOFRETE
30201060600,OFICINA DE PINTURA
20202010100,MINERIOS
30602030803,CENTRO DE TRADICOES GAUCHAS (CTG)
31101070700,"EMPRESA DE TRANSPORTE POR NAVEGACAO INTERIOR  DEPASSAGEIROS (RIOS, CANAIS, LAGOS, BAIAS E OUTRASVIAS DE NAVEGACAO REGULAR OU NAO)."
30201060500,CONFECCAO/PINTURA DE LETREIROS DE PLACAS/VEICULOS
30707030000,MANUTENCAO E REPARACAO DE EMBARCACOES PARA ESPORTELAZER OU PARA USO COMERCIAL (PEQUENO PORTE).
20101040101,"COMERCIO DE AROMAS, FRAGRANCIAS E ADITIVOS"
31101070900,EMPRESA DE TRANSPORTE AEREO
30801010101,SERVICOS DE ATENDIMENTO AMBULATORIAL
30602000000,SERVICOS CULTURAIS
40104010200,FIACAO
30202040501,OFICINA DE CHAPEACAO
20102160101,COMERCIANTE POPULAR
30303030400,CONSULTORIO DE QUIROPRAXIA
30601030200,ESTADIO DE FUTEBOL
20201010005,COMERCIO ATACADISTA DE PROD ALIMENTÍCIOS EM GERAL OU ESPEC EM COMPLEMENTOS E SUPLEMENTOS ALIMENTÍCIOS
40305060000,FABRICACAO E ELABORACAO DE PRODUTOS DIVERSOS DEMINERAIS NAO METALICOS
30808010103,CONSULTORIO DE BIOMEDICINA
30801040300,HOSPITAL PSIQUIATRICO
20103060200,"COMERCIO DE OURO, METAIS NOBRES E JOIAS USADAS"
20103090100,COMERCIO VAREJISTA DE ARMAS E MUNICOES
30601010301,PARQUE DE DIVERSOES
30808010100,CONSULTORIO VETERINARIO SEM INTERNACAO
30305010200,CENTRO DE DIAGNOSTICO VETERINARIO SEM INTERNACAO
31201050000,ENTIDADE DE TURISMO
50501020000,APICULTURA
20101040203,COMERCIO A VAREJO DE PRODUTOS ALIMENTICIOS EM GERAL OU ESPECIALIZADO EM PRODUTOS NATURAIS E DIETETICOS
30403020100,EMPRESA DE VIGILANCIA C/DEPOSITO DE ARMAS/MUNICOES
30809070100,CLINICA VETERINARIA SEM INTERNACAO
20103010002,COMERCIO A VAREJO DE PECAS E ACESSORIOS USADOS PARA VEICULOS AUTOMOTORES
30809010200,CLINICA VETERINARIA COM INTERNACAO
30809040100,CONSULTORIO VETERINARIO COM INTERNACAO
20103010102,COMERCIO A VAREJO DE PECAS E ACESSORIOS PARA CICLOMOTORES E MOTOS
30601010206,ESTUDIO DE PILATES
30409010000,MOTEL URBANO
20103010101,COMERCIO A VAREJO DE PECAS E ACESSORIOS PARABICICLETAS
30404060300,"CLUBE E SALOES EXCLUSIVOS PARA FESTAS DE CARATER FAMILIAR ( CASAMENTOS, ANIVERSARIOS, FESTAS INFANTIS )"
20102020700,"ESTABELECIMENTO ESPECIALIZADO EM SERVIR CERVEJA,COM PRODUCAO EM PEQUENA ESCALA - BREWPUB"
40304030000,"FABRICACAO DE AGUARDENTE,LICORES E OUTRAS BEBIDAS ALCOÓLICAS"
30402090000,EMPRESA DE IMUNIZACAO E CONTROLE DE PRAGAS URBANAS
30809060101,COMERCIO DE ANIMAIS COM ALOJAMENTO
30701010203,TRANSPORTE DE MATERIAL BIOLOGICO HUMANO
30809010100,ALOJAMENTO DE ANIMAIS
30801030113,SERVICO MEDICO DE HEMODIALISE
40301020101,ENVAZAMENTO/EMBALAMENTO PROD QUIMICOS/AEROSOL
30602010201,ESTABELECIMENTO DE ENSINO FORMAL DE SEGUNDO E TER-CEIRO GRAUS
40305070100,FABRICACAO DE ESTRUTURAS DE FIBROCIMENTO
20103160100,FUNERARIA COM LABORATORIO DE TANATOPRAXIA( SOMATOCONSERVACAO )
40101090200,"TRANSFORMACAO E BENEFICIAMENTO DE PEIXES,CRUSTACEOS E MOLUSCOS"
30809020000,CLINICA VETERINARIA COM ALOJAMENTO DE MEDIO EGRANDE PORTE
40101090100,"DESOSSA, TRANSFORMACAO E BENEFICIAMENTO DE CARNES"
30305010300,LABORATORIO DE ANALISE VETERINARIA
40102090000,"FABRICACAO DE ARTIGOS DE CACA E PESCA,DESPORTO EJOGOS RECREATIVOS,EXCLUSIVE ARMAS DE FOGO E MUNI-COES."
20102020502,"BARES E OUTROS ESTABELECIMENTOS ESPECIALIZADOS EM SERVIR BEBIDAS, COM ENTRETENIMENTO"
30801050100,SERVICO DE ATENCAO DOMICILIAR (HOME CARE)
30203080100,"REPARACAO E MANUTENCAO DE AERONAVES, EXCETO AMANUTENCAO NA PISTA"
30407030200,PENSIONATO PARA FIM EXCLUSIVAMENTE RESIDENCIAL(VEDADO SERVICO DE HOSPEDAGEM)
30602010400,ESTABELECIMENTO DE ENSINO FORMAL EAD
30801020111,CONSULTORIO DE TERAPIA ORTOMOLECULAR
30604000000,EQUIPAMENTO ESPORTIVO E DE LAZER DESTINADO A EXPLORACAO COMERCIAL
40306020400,"FABRICACAO DE ARTIGOS E ACESSORIOS DE BORRACHA PARA SEGURANCA - LUVAS, BOTAS, AVENTAIS E OUTROS"
10405800000,INSTITUICAO DE LONGA PERMANENCIA para idosos
30601010303,QUADRA DE ESCOLA DE SAMBA
50100000000,EXTRACAO DE MINERAIS METALICOS OU NAO E SIMILARES
40403020300,"FABRICACAO DE AVIOES, EQUIPAMENTOS AFINS, PECAS EACESSORIOS"
31301070000,SEDE DE EMPRESA DE FUNDACOES
29915410000,MERCADAO DO PRODUTOR
30809060102,COMERCIO DE ANIMAIS SEM ALOJAMENTO
50501030000,ATIVIDADES RELATIVAS A AGRICULTURA/PECUARIA
29904090000,GASTRONOMIA ITINERANTE (FOOD TRUCK)
40403020200,"FABRICACAO DE BICICLETAS, MOTOCICLETAS, PECAS EACESSORIOS"
50501000000,"ATIVIDADES DE APOIO A AGRICULTURA, INCLUSIVECONTROLE DE PRAGAS"
40301020103,EMBALAMENTO/ENVASAMENTO DE MATERIAL PLASTICO
40403020000,"FABRICACAO DE VEICULOS AUTOMOTORES,PECAS E ACESSO-RIOS"
29916020000,FRUTAS E VERDURAS
30204000000,DESMANCHE DE VEICULOS AUTOMOTORES (PECAS USADAS)
30602030600,DISCOTECA
40201020100,FABRICACAO DE FIOS E CONDUTORES
40301020600,"FABRICACAO DE AROMATIZANTES, CORANTES E ADOCANTES"
30801020210,FARMACEUTICO
40401050000,DESDOBRAMENTO DA MADEIRA
30203080200,REPARACAO E MANUTENCAO DE AERONAVES NA PISTA
29912020000,ARTESANATO
40201020300,FABRICACAO DE TRANSFORMADORES
29901230000,SALGADOS ASSADOS NA HORA
30801030130,SERVICO DE HEMOTERAPIA S/CALDEIRA
29901200000,PAO DE QUEIJO
29901060000,SORVETE
29901090000,CREPE SUICO
31201080000,"REGULACAO DAS ATIVIDADES DE SAUDE, EDUCACAO,SERVICOS CULTURAIS E OUTROS SERVICOS SOCIAIS"
29901270000,ALIMENTACAO E BEBIDAS NAO PERECIVEIS
29901240000,SALGADOS FRITOS NA HORA
29901070000,BIJOUTERIAS E MIUDEZAS
29901290000,"ALIMENTACAO E BEBIDAS, EXCETUADAS AS BEBIDAS ALCOOLICAS"
29905030000,DOCES CASEIROS
20102020603,FORNECIMENTO DE ALIMENTOS PREPARADOS PREPONDERANTEMENTE PARA CONSUMO DOMICILIAR
29906010000,SORVETES
29912050000,COSMETICOS
30801030302,SPA
40304030100,VINICOLA
29901130000,MILHO VERDE
29901090100,CREPE FRANCÊS
29901150100,CHURRASQUINHO A CARVAO
29913010000,BILHETES E OUTRAS LOTERIAS
29901150000,CHURRASQUINHO A GAS
29901020000,ALGODAO DOCE
29915210000,FEIRA MODELO GRUPO 1
29915270000,FEIRA MODELO GRUPO 7
29915260000,FEIRA MODELO GRUPO 6
30708020200,TRANSPORTE RODOVIÁRIO DE PRODUTOS PERIGOSOS
29912040000,CALCADOS
31301060000,SEDE DE EMPRESA DE DEMOLICOES
40306010100,FABRICACAO E RECONDICIONAMENTO DE PNEUMATICOS E CAMARAS DE AR
29914010000,BALOES
29915230000,FEIRA MODELO GRUPO 3
39903030000,"SERVICO DE MASSAGEM (MASSAGISTAS, MASSAGEM ESTETICA, TERAPEUTICA E RELAXANTE"
29912030000,CONFECCOES
40201020400,FABRICACAO DE PILHAS E BATERIAS
40101060300,"FABRICACAO DE OLEOS, AZEITES E HIDROGENADOS"
31301100000,SEDE DE EMPRESA DE FLORESTAMENTO E REFLORESTAMENTO
29906030000,AMENDOIM
40403040300,CONTRUCAO E REPARACAO DE EMBARCACOES DE ESPORTE ELAZERDE PEQUENO PORTE.
29901240100,SALGADOS FRITOS
20201010100,AVIARIO II
50601000000,CREMATORIO
30906000000,ESTACAO DE TELEFONIA
40403040000,"CONSTRUCAO E REPARACAO DE EMBARCACOES,INCLUSIVEPECAS E ACESSORIOS"
29901230100,SALGADOS ASSADOS
29907010000,LANCHES RAPIDOS
40103020100,FABRICACAO DE MATERIAL TEXTEIS PARA USO DOMESTICO
30801020115,CONSULTÓRIO DE ORTOPTISTA
29912060000,LIVROS
40307010000,"FABRICACAO DE MALAS,VALISES E OUTROS ARTIGOS PARAVIAGEM"
30801030500,BANCO DE SANGUE S/CALDEIRA
39903020000,PRESTAÇÃO DE SERVIÇO DE ENGRAXATE
10301000000,PONTO DE REFERENCIA - ENDERECO PARA CONTATO.EXPRESSAMENTE VEDADA A ATIVIDADE NO LOCAL.
30801040101,HOSPITAL - DIA
29912090000,BIJOUTERIAS
40403040200,CONSTRUCAO E REPARACAO DE EMBARCACOES E DE ESTRU-TURAS FLUTUANTES DE GRANDE PORTE
29912070000,BOLSAS
30808010200,CONSULTORIO VETERINARIO SEM ALOJAMENTO E SEM INTERNAÇÃO
39905010000,PRESTACAO DE SERVICO DE BARBEIRO
29901120000,BATATA FRITA
30503030000,"BOLICHES, BILHARES E BINGOS"
29999990000,"COMERCIALIZAÇÃO E TRANSPORTE DE PESCADOS FRESCOS, CONGELADOS, FRIGORIFICADOS"
30801010100,PEQUENOS AMBULATORIOS
29911020000,BOLSAS E CALCADOS
29921010000,PRESTACAO DE SERVICO DE RECREACAO
29901010200,PERCORRENDO BAIRROS
40201010000,FABRICACAO DE LAMPADAS
29904020000,PAES E DOCES
